{
	"geofences": [{
		"id": 1,
		"alert": 1,
		"polygon": [
			[52.172046, 4.416790],
			[52.172046, 4.415912],
			[52.171506, 4.415912],
			[52.171506, 4.416789]
			]
		},
		{
		"id": 2,
		"alert": 0,
		"polygon": [
			[52.172046, 4.416790],
			[52.171506, 4.417228],
			[52.172046, 4.417228],
			[52.171506, 4.416789]
			]
		},
		{
		"id": 3,
		"alert": 2,
		"polygon": [
			[52.171506, 4.415912],
			[52.172046, 4.415912],
			[52.172046, 4.417228],
			[52.171506, 4.417228]
			]
		}
	]
}
