{
	"geofences": [{
		"id": 1,
		"alert": 0,
		"polygon": [
			[52.171776, 4.416351],
			[52.171129, 4.416806],
			[52.171774, 4.419118],
			[52.172424, 4.418636]
			]
		},
		{
		"id": 0,
		"alert": 1,
		"polygon": [
			[52.171809, 4.416234],
			[52.171331, 4.416569],
			[52.169403, 4.410566],
			[52.166762, 4.412007],
			[52.165493, 4.415941],
			[52.169922, 4.425183],
			[52.173795, 4.423437]		
			]
		}
	]
}
