{
	"geofences": [
		{
			"id": 1,
			"alert": 1,
			"type": "gps",
			"boundary_type": "exclusion",
			"polygon": [
				[
					52.172046,
					4.416790
				],
				[
					52.172046,
					4.415912
				],
				[
					52.171506,
					4.415912
				],
				[
					52.171506,
					4.416789
				]
			],
			"z_up": 100.0,
			"z_down": 90.0
		}
	]
}